{"cameraMode":{"drawMode":0,"name":"Shaded","section":"Shading Mode"},"sceneLighting":true,"audioPlay":false,"sceneViewState":{"showFog":true,"showMaterialUpdate":false,"showSkybox":true,"showFlares":true,"showImageEffects":true,"showParticleSystems":true},"in2DMode":false,"pivot":{"x":15.088401794433594,"y":-1.3819398880004883,"z":14.45705509185791},"rotation":{"x":-0.055296480655670169,"y":-0.7343094348907471,"z":0.060286279767751697,"w":-0.6738806962966919},"size":25.374706268310548,"orthographic":false}